{
    "Formulario": {
        "Pagina": "https://contrataciondelestado.es/wps/portal/licitaciones",
        "Licitaciones": "a[id=\"viewns_Z7_AVEQAI930OBRD02JPMTPG21004_:form1:linkFormularioBusqueda\"]",
        "FechaMin": "input[id=\"viewns_Z7_AVEQAI930OBRD02JPMTPG21004_:form1:textMinFecLimite\"]",
        "FechaMax": "input[id=\"viewns_Z7_AVEQAI930OBRD02JPMTPG21004_:form1:textMaxFecLimite\"]",
        "Tipo": "select[id=\"viewns_Z7_AVEQAI930OBRD02JPMTPG21004_:form1:combo1MAQ\"]",
        "Presentacion": "select[id=\"viewns_Z7_AVEQAI930OBRD02JPMTPG21004_:form1:menuFormaPresentacionMAQ1_SistPresent\"]",
        "SiguientePag": "input[id=\"viewns_Z7_AVEQAI930OBRD02JPMTPG21004_:form1:footerSiguiente\"]",
        "Buscar": "input[id=\"viewns_Z7_AVEQAI930OBRD02JPMTPG21004_:form1:button1\"]",
        "Nuts": "a[id=\"viewns_Z7_AVEQAI930OBRD02JPMTPG21004_:form1:linkSeleccionNUTS\"]",
        "Valencia": "select[id=\"viewns_Z7_AVEQAI930OBRD02JPMTPG21004_:form1:listbox11MAQ\"]",
        "NutsClose": "input[id=\"viewns_Z7_AVEQAI930OBRD02JPMTPG21004_:form1:buttonAceptarSeleccionNUTS\"]",
        "Pais": "select[id=\"viewns_Z7_AVEQAI930OBRD02JPMTPG21004_:form1:menu1MAQ1\"]"
    },

    "Expediente": {
        "Atributos": ["filaIdPublicacionTED_columna2", "fila2_columna2", "filaIdOrganoContratacion_columna2", "fila3_columna2", "fila4_columna2", "filaFinanciacionUE_columna2", "fila5_columna2", "fila6_columna2", "fila7_columna2", "fila8_columna2", "fila9_columna2", "filaSistemaContratacion_columna2", "fila10_columna2", "filaTipoTramitacion_columna2"],
        "Informacion": ["filaPresentacionOferta_columna2", "fila13_columna2", "fila14_columna2", "fila15_columna2", "fila16_columna2"]
    },

    "Anexo":{
        "Tabla": "myTablaDetalleVISUOE",
        "ColumPlieg": "tipoDocumento  padding0punto2",
        "ColumHtml": "documentosPub  padding0punto2"
    },

    "dataBase": {
        "Licitaciones": "(COD, ID_Publicacion_TED, Organo_Contratacion, ID_Organo_Contratacion, Estado_Licitacion, Objeto_Contrato, Financiacion_UE, Presupuesto_Base_Licitacion, Valor_Estimado_Contrato, Tipo_Contrato, Codigo_CPV, Lugar_Ejecucion, Sistema_Contratacion, Procedimiento_Contratacion, Tipo_Tramitacion,Metodo_Presentacion_Oferta, Resultado,Adjudicatario,Num_Licitadores_Presentados,Importe_Adjudicacion)",
        "LicitacionesV": "VALUES(?, ?, ?, ?, ?, ?, ?, ?, ?, ?, ?, ?, ?, ?, ?, ?, ?, ?, ?, ?)",        
        "Licitaciones_test": "(COD, ID_Publicacion_TED, Organo_Contratacion, ID_Organo_Contratacion, Estado_Licitacion, Objeto_Contrato, Financiacion_UE, Presupuesto_Base_Licitacion, Valor_Estimado_Contrato, Tipo_Contrato, Codigo_CPV, Lugar_Ejecucion, Sistema_Contratacion, Procedimiento_Contratacion, Tipo_Tramitacion,Metodo_Presentacion_Oferta, Resultado,Adjudicatario,Num_Licitadores_Presentados,Importe_Adjudicacion)",
        "Licitaciones_testV": "VALUES(?, ?, ?, ?, ?, ?, ?, ?, ?, ?, ?, ?, ?, ?, ?, ?, ?, ?, ?, ?)",
        "Codigos": "(COD, DIR_URL)",
        "CodigosV": "VALUES(?, ?)",        
        "Codigos_test": "(COD, DIR_URL)",
        "Codigos_testV": "VALUES(?, ?)",
        "Anexos": "(COD, url_pliego, titulo_pliego, anexo_I, multiples, modificado)",
        "AnexosV": "VALUES(?, ?, ?, ?, ?, ?)",
        "Documentos": "(COD, url_anexo, url_pliego, titulo_anexo, anexo_I, multiples, modificado)",
        "DocumentosV": "VALUES(?, ?, ?, ?, ?, ?, ?)",
        "AnexoI": "(COD, Regulacion_armonizada, Sometido_recurso_especial, Plazo_ejecución, Presupuesto_sinIVA, Presupuesto_conIVA, Importe_IVA, Sistema_Retribucion, Valor_estimado, Revision_precios, Garantia_definitiva, Garantia_provisional, Admisibilidad_variantes, Clasificacion, Grupo, Subgrupo, Categoria, Criterio_Solvencia_economica, Criterio_Solvencia_tecnica, Condiciones_especiales, Penalidad_incumplimiento, Forma_pago, Causas_modificacion, Plazo_garantia, Precio_unit, Tanto_alzado, Tanto_alzado_con ,Criterio_juicio_val, Evaluables_autom, Criterio_ecónomico, Memoria_constructiva, Programa_trabajos, Analisis_proyecto, Obligaciones_ambientales, Regimen_penalidades)",
        "AnexoIV": "VALUES(?, ?, ?, ?, ?, ?, ?, ?, ?, ?, ?, ?, ?, ?, ?, ?, ?, ?, ?, ?, ?, ?, ?, ?, ?, ?, ?, ?, ?, ?, ?, ?, ?, ?, ?, ?, ?, ?)"
    },

    "Prompts":{
        "Ajuntament": {
            "Regulacion_armonizada": "Indica si tiene regulación armonizada",	
            "Sometido_recurso_especial": "Indica si tiene recurso especial",
            "Plazo_ejecución": "Obten el plazo de ejecución del contrato",
            "Presupuesto_sinIVA": "Ubica el presupuesto sin IVA del documento",
            "Presupuesto_conIVA": "Ubica el presupuesto con IVA del documento (presupuesto base)",
            "Importe_IVA": "Ubica el importe del IVA del documento (iva aplicable)",
            "Sistema_Retribucion": "Indica el sistema de retribución del precio",
            "Valor_estimado": "Ubica el valor estimado del contrato, responde únicamente con el valor en euros",
            "Revision_precios": "Indica si existe la revisión de precios",
            "Garantia_definitiva": "Cuenta con garantía definitiva? cuál es su valor en tal caso?",
            "Garantia_provisional": "Cuenta con garantía definitiva? cuál es su valor en tal caso?",
            "Admisibilidad_variantes": "Indica si el contrato admite variantes o alternativas",
            "Clasificacion":"La clasificación se aplica por debajo de 500.000 €?",
            "Grupo":"Según la clasificación, indica el grupo al que pertenece el contrato",	
            "Subgrupo":"Según la clasificación, indica el subgrupo al que pertenece el contrato",
            "Categoria":"Según la clasificación, indica la categoría a la que pertenece el contrato",
            "Criterio_Solvencia_economica": "Indica si existen criterios para calcular/acreditar la solvencia económica y financiera",
            "Criterio_Solvencia_tecnica": "Indica si existen criterios para calcular/acreditar la solvencia técnica o profesional",
            "Condiciones_especiales": "Indica si existen condiciones especiales de ejecución y cuales son en caso de haberlas",
            "Penalidad_incumplimiento": "Indica si existe penalidad por incumplimiento al contratista",
            "Forma_pago": "Indica la forma o régimen de pago",
            "Causas_modificacion": "Indica si existen causas de modificacion del contrato",
            "Plazo_garantia": "Indica si el contrato cuenta con plazo de garantía",
            "Contratacion_precio_unit": "Indica si cuenta con contratación a precio unitario",
            "Tanto_alzado": "Indica si el contrato cuenta con tanto alzado",
            "Tanto_alzado_con": "Indica si el contrato cuenta con tanto alzado con precio cerrado",
            "Criterio_juicio_val": "Indica la ponderación o puntaje de los criterios evaluables mediante juicio de valor",
            "Evaluables_autom": "Indica la ponderación o puntaje de los criterios evaluables automáticamente / cualitativos o de calidad",
            "Criterio_ecónomico": "Indica la ponderación o puntaje de los criterios económicos",
            "MemoriaConst_ProgramaTrb": "Qué dice el pliego sobre la memoria constructiva y programa de trabajo y cuál es su puntaje?",
            "Programa_trabajos": "Qué dice el pliego sobre el programa de trabajos y cuál es su puntaje?",
            "Analisis_proyecto": "Qué dice el pliego sobre el análisis del proyecto y cuál es su puntaje?",
            "Obligaciones_ambientales": "Cuáles son las medidas para garantizar el cumplimiento de obligaciones ambientales?",
            "Regimen_penalidades": "Indica si existen penalidades por incumplimientos"
        },         
        
        "Ajuntament_formato": {
            "Regulacion_armonizada": "Si, No",	
            "Sometido_recurso_especial": "Si, No",	
            "Plazo_ejecución": "[NUMERO] meses",
            "Presupuesto_sinIVA": "[NUMERO] €",
            "Presupuesto_conIVA": "[NUMERO] €",
            "Importe_IVA": "[NUMERO] €",
            "Sistema_Retribucion": "En función de [TEXTO]",
            "Valor_estimado": "[NUMERO] €",
            "Revision_precios": "Si [añadir explicación], No",
            "Garantia_definitiva": "Si [añadir explicación], No",
            "Garantia_provisional": "Si [añadir explicación], No",
            "Admisibilidad_variantes": "Si [añadir explicación], No",
            "Clasificacion": "Si, No",
            "Grupo":"Grupo [LETRA]",
            "Subgrupo":"Subgrupo [NUMERO]",
            "Categoria":"Categoría [NUMERO]",
            "Criterio_Solvencia_economica": "Si, no",
            "Criterio_Solvencia_tecnica": "Si, no",
            "Condiciones_especiales": "Si [añadir explicación], No",
            "Penalidad_incumplimiento": "Si [añadir explicación], No",
            "Forma_pago": "[TIPO]",
            "Causas_modificacion": "Si [añadir explicación], No",
            "Plazo_garantia":  "Si [añadir explicación], No",
            "Contratacion_precio_unit": "Si [añadir explicación], No",
            "Tanto_alzado": "Si [añadir explicación], No",
            "Tanto_alzado_con": "Si [añadir explicación], No",
            "Criterio_juicio_val": "[NUMERO]",
            "Evaluables_autom": "[NUMERO]",
            "Criterio_ecónomico": "[NUMERO]",
            "MemoriaConst_ProgramaTrb": "[PARRAFO] [PUNTAJE]",
            "Programa_trabajos": "[PARRAFO] [PUNTAJE]",
            "Analisis_proyecto": "[PARRAFO] [PUNTAJE]",
            "Obligaciones_ambientales": "Si [añadir explicación], No",
            "Regimen_penalidades": "[LISTADO]"
        },  


        "Semantic": {
            "Regulacion_armonizada": ["regulación armonizada", "armonizada", "[seleccionado]"],	
            "Sometido_recurso_especial": ["recurso especial", "[seleccionado]"],
            "Plazo_ejecución": ["plazo de ejecución", "meses", "plazo total"],
            "Presupuesto_sinIVA": ["presupuesto sin", "iva excluido", " iva ", "presupuesto base"],
            "Presupuesto_conIVA": ["presupuesto con", "iva incluido", " iva ", "presupuesto base"],
            "Importe_IVA": ["importe iva", "iva:", "iva aplicable", " iva ", "21%", "presupuesto base"],
            "Sistema_Retribucion": ["sistema de retribucion", "[seleccionado]"],
            "Valor_estimado": ["valor", "estimado", "€"],
            "Revision_precios": ["revisión", "precios", "[seleccionado]"],
            "Garantia_definitiva": ["garantía definitiva", "[seleccionado]"],
            "Garantia_provisional": ["garantía provisional", "[seleccionado]"],
            "Admisibilidad_variantes": ["admisibilidad", "variantes o alternativas", "alternativas o variantes", "[seleccionado]"],
            "Clasificacion": ["clasificación", "500.000 €"],
            "Grupo": ["grupo:", "subgrupo:", "categoría:"],
            "Subgrupo": ["grupo:", "subgrupo:", "categoría:"],
            "Categoria": ["grupo:", "subgrupo:", "categoría:"],
            "Criterio_Solvencia_economica": ["solvencia económica", "criterio", "financiera", "selección"],
            "Criterio_Solvencia_tecnica": ["solvencia técnica", "solvencia técnica o profesional", "criterio", "selección"],
            "Condiciones_especiales": ["especiales", "condiciones", "[seleccionado]"], 
            "Penalidad_incumplimiento":["penalidad", "incumplimiento", "[seleccionado]"],
            "Forma_pago": ["forma de pago", "régimen de pagos"],
            "Causas_modificacion": ["causas", "modificacion", "modificaciones", "[seleccionado]"],
            "Plazo_garantia":   ["plazo", "garantía", "[seleccionado]"],
            "Contratacion_precio_unit": ["precio unitario", "precios unitarios", "[seleccionado]"],
            "Tanto_alzado": ["tanto alzado", "[seleccionado]"],
            "Tanto_alzado_con": ["tanto alzado", "precio cerrado", "[seleccionado]"],
            "Criterio_juicio_val": ["ponderación", "juicio de valor", "puntos", "evaluables mediante"],
            "Evaluables_autom": ["ponderación", "cualitativo", "evaluables automáticamente", "puntos"],
            "Criterio_ecónomico": ["ponderación", "criterios económicos", "puntos"],
            "MemoriaConst_ProgramaTrb": ["memoria", "constructiva", "máximo", "puntos"],
            "Programa_trabajos": ["programa", "trabajos", "máximo", "puntos"],
            "Analisis_proyecto": ["análisis del proyecto", "máximo", "puntos"],
            "Obligaciones_ambientales": ["obligaciones medioambientales", "sociales o laborables"],
            "Regimen_penalidades": ["régimen de penalidades", "PCAP", "penalidades"]
        },

        "Common_sections": {
            "Regulacion_armonizada": ["None", "E", "II", "C"],
            "Sometido_recurso_especial": ["None", "XIV"],
            "Plazo_ejecución": ["E", "R"],
            "Presupuesto_sinIVA": ["F", "E", "IV"],
            "Presupuesto_conIVA": ["F", "E", "IV"],
            "Importe_IVA": ["F", "E", "IV"],
            "Sistema_Retribucion": ["G"],
            "Valor_estimado": ["H", "E", "IV"],
            "Revision_precios": ["J", "H"],
            "Garantia_definitiva": ["K", "P"],
            "Garantia_provisional": ["K", "J"],
            "Admisibilidad_variantes": ["N", "I"],
            "Clasificacion": ["P", "L"],
            "Grupo": ["P", "L"],
            "Subgrupo": ["P", "L"],
            "Categoria": ["P", "L"],
            "Criterio_Solvencia_economica": ["P", "L", "VI"],
            "Criterio_Solvencia_tecnica": ["P", "L", "VI"],
            "Condiciones_especiales": ["T", "X"],
            "Penalidad_incumplimiento": ["U"],
            "Forma_pago": ["W"],
            "Causas_modificacion": ["X", "O", "XXI"],
            "Plazo_garantia": ["Y", "V"],
            "Contratacion_precio_unit": ["E", "IV"],
            "Tanto_alzado": ["E"],
            "Tanto_alzado_con": ["E"],
            "Criterio_juicio_val": ["LL", "X"],
            "Evaluables_autom": ["LL", "X"],
            "Criterio_ecónomico": ["LL", "X"],
            "MemoriaConst_ProgramaTrb": ["LL"],
            "Programa_trabajos": ["LL"],
            "Analisis_proyecto": ["LL"],
            "Obligaciones_ambientales": ["X"],
            "Regimen_penalidades": ["T"]
        }
    }
}

